Category,Descript,Count
ARSON,ARSON,1266
ARSON,ARSON OF A COMMERCIAL BUILDING,173
ARSON,ARSON OF A POLICE BUILDING,6
ARSON,ARSON OF A POLICE VEHICLE,3
ARSON,ARSON OF A VACANT BUILDING,78
ARSON,ARSON OF A VEHICLE,1476
ARSON,ARSON OF AN INHABITED DWELLING,515
ARSON,ARSON WITH GREAT BODILY INJURY,6
ARSON,ATTEMPTED ARSON,299
ARSON,"FIRE, UNLAWFULLY CAUSING",109
ASSAULT,"AGGRAVATED ASSAULT OF POLICE OFFICER, SNIPING",2
ASSAULT,"AGGRAVATED ASSAULT OF POLICE OFFICER,BODILY FORCE",391
ASSAULT,AGGRAVATED ASSAULT ON POLICE OFFICER WITH A GUN,15
ASSAULT,AGGRAVATED ASSAULT ON POLICE OFFICER WITH A KNIFE,56
ASSAULT,AGGRAVATED ASSAULT WITH A DEADLY WEAPON,16405
ASSAULT,AGGRAVATED ASSAULT WITH A GUN,2556
ASSAULT,AGGRAVATED ASSAULT WITH A KNIFE,6073
ASSAULT,AGGRAVATED ASSAULT WITH BODILY FORCE,12522
ASSAULT,ASSAULT,1299
ASSAULT,ASSAULT BY POISONING,19
ASSAULT,ASSAULT BY POLICE OFFICER,10
ASSAULT,ASSAULT ON A POLICE OFFICER WITH A DEADLY WEAPON,565
ASSAULT,ASSAULT OR ATTEMPTED MURDER UPON GOV'T OFFICERS,4
ASSAULT,ASSAULT WITH CAUSTIC CHEMICALS,1092
ASSAULT,"ASSAULT, AGGRAVATED, ON POLICE OFFICER, W/ FULL AUTO",1
ASSAULT,"ASSAULT, AGGRAVATED, ON POLICE OFFICER, W/ GUN",29
ASSAULT,"ASSAULT, AGGRAVATED, ON POLICE OFFICER, W/ SEMI AUTO",1
ASSAULT,"ASSAULT, AGGRAVATED, W/ GUN",608
ASSAULT,"ASSAULT, AGGRAVATED, W/ MACHINE GUN",5
ASSAULT,"ASSAULT, AGGRAVATED, W/ SEMI AUTO",11
ASSAULT,ATTEMPTED HOMICIDE BY SNIPING,1
ASSAULT,ATTEMPTED HOMICIDE WITH A DANGEROUS WEAPON,207
ASSAULT,ATTEMPTED HOMICIDE WITH A GUN,768
ASSAULT,ATTEMPTED HOMICIDE WITH A KNIFE,446
ASSAULT,ATTEMPTED HOMICIDE WITH BODILY FORCE,117
ASSAULT,ATTEMPTED HOMICIDE WITH EXPLOSIVES,2
ASSAULT,ATTEMPTED MAYHEM WITH A DEADLY WEAPON,56
ASSAULT,ATTEMPTED MAYHEM WITH A GUN,3
ASSAULT,ATTEMPTED MAYHEM WITH A KNIFE,33
ASSAULT,ATTEMPTED MAYHEM WITH BODILY FORCE,23
ASSAULT,ATTEMPTED SIMPLE ASSAULT,861
ASSAULT,BATTERY,67654
ASSAULT,BATTERY DURING LABOR DISPUTE,31
ASSAULT,BATTERY OF A POLICE OFFICER,3199
ASSAULT,BATTERY WITH SERIOUS INJURIES,2377
ASSAULT,"BATTERY, FORMER SPOUSE OR DATING RELATIONSHIP",8784
ASSAULT,CHILD ABUSE (PHYSICAL),3607
ASSAULT,"CHILD, INFLICTING INJURY RESULTING IN TRAUMATIC CONDITION",407
ASSAULT,"CIVIL RIGHTS, INCL. INJURY, THREAT, OR DAMAGE (HATE CRIMES)",21
ASSAULT,DISCHARGING IN GROSSLY NEGLIGENT MANNER,306
ASSAULT,ELDER ADULT OR DEPENDENT ABUSE (NOT EMBEZZLEMENT OR THEFT),2215
ASSAULT,FALSE IMPRISONMENT,1843
ASSAULT,"FIREARM, DISCHARGING AT OCCUPIED BLDG, VEHICLE, OR AIRCRAFT",160
ASSAULT,"FIREARM,Â DISCHARGING IN GROSSLY NEGLIGENT MANNER",232
ASSAULT,INFLICT INJURY ON COHABITEE,17948
ASSAULT,"LASERS, DISCHARGING OR LIGHTS AT AIRCRAFT",7
ASSAULT,MAYHEM WITH A DEADLY WEAPON,97
ASSAULT,MAYHEM WITH A GUN,6
ASSAULT,MAYHEM WITH A KNIFE,48
ASSAULT,MAYHEM WITH BODILY FORCE,107
ASSAULT,"RESISTING PEACE OFFICER, CAUSING THEIR SERIOUS INJURY OR DEATH",240
ASSAULT,SHOOTING INTO INHABITED DWELLING OR OCCUPIED VEHICLE,770
ASSAULT,STALKING,2116
ASSAULT,TERRORIZING BY ARSON OR EXPLOSIVE DEVICE,10
ASSAULT,TERRORIZING BY MARKING PRIVATE PROPERTY,5
ASSAULT,THREAT OR FORCE TO RESIST EXECUTIVE OFFICER,669
ASSAULT,THREAT TO STATE OFFICIAL OR JUDGE,15
ASSAULT,THREATENING PHONE CALL(S),1953
ASSAULT,THREATENING SCHOOL OR PUBLIC EMPLOYEE,129
ASSAULT,THREATS AGAINST LIFE,34670
ASSAULT,THREATS TO SCHOOL TEACHERS,337
ASSAULT,TRESPASS WITHIN 30 DAYS OF CREDIBLE THREAT,17
ASSAULT,UNLAWFUL DISSUADING/THREATENING OF A WITNESS,237
ASSAULT,WILLFUL CRUELTY TO CHILD,296
BAD CHECKS,"CHECKS, NON-SUFFICIENT FUNDS (FELONY)",268
BAD CHECKS,"CHECKS, NON-SUFFICIENT FUNDS (MISDEMEANOR)",657
BRIBERY,BRIBERY OF EXECUTIVE OFFICER,19
BRIBERY,BRIBERY OF WITNESSES,318
BRIBERY,"CONCEAL CRIME OR WITHHOLD EVIDENCE, ACCEPTING PAYMENT TO",20
BRIBERY,"DISSUADING WITNESS, VICTIM",456
BURGLARY,"BURGLARY OF APARTMENT HOUSE, ATT FORCIBLE ENTRY",1616
BURGLARY,"BURGLARY OF APARTMENT HOUSE, FORCIBLE ENTRY",6747
BURGLARY,"BURGLARY OF APARTMENT HOUSE, UNLAWFUL ENTRY",11828
BURGLARY,"BURGLARY OF FLAT, ATTEMPTED FORCIBLE ENTRY",231
BURGLARY,"BURGLARY OF FLAT, FORCIBLE ENTRY",860
BURGLARY,"BURGLARY OF FLAT, UNLAWFUL ENTRY",1589
BURGLARY,"BURGLARY OF HOTEL ROOM, ATTEMPTED FORCIBLE ENTRY",36
BURGLARY,"BURGLARY OF HOTEL ROOM, FORCIBLE ENTRY",272
BURGLARY,"BURGLARY OF HOTEL ROOM, UNLAWFUL ENTRY",1570
BURGLARY,"BURGLARY OF RESIDENCE, ATTEMPTED FORCIBLE ENTRY",1546
BURGLARY,"BURGLARY OF RESIDENCE, FORCIBLE ENTRY",6814
BURGLARY,"BURGLARY OF RESIDENCE, UNLAWFUL ENTRY",7474
BURGLARY,"BURGLARY OF STORE, ATTEMPTED FORCIBLE ENTRY",456
BURGLARY,"BURGLARY OF STORE, FORCIBLE ENTRY",3657
BURGLARY,"BURGLARY OF STORE, UNLAWFUL ENTRY",5289
BURGLARY,"BURGLARY OF WAREHOUSE, ATTEMPTED FORCIBLE ENTRY",81
BURGLARY,"BURGLARY OF WAREHOUSE, FORCIBLE ENTRY",461
BURGLARY,"BURGLARY OF WAREHOUSE, UNLAWFUL ENTRY",311
BURGLARY,"BURGLARY, ATTEMPTED FORCIBLE ENTRY",1017
BURGLARY,"BURGLARY, FORCIBLE ENTRY",6733
BURGLARY,"BURGLARY, HOT PROWL, ATTEMPTED FORCIBLE ENTRY",716
BURGLARY,"BURGLARY, HOT PROWL, FORCIBLE ENTRY",2185
BURGLARY,"BURGLARY, HOT PROWL, UNLAWFUL ENTRY",4810
BURGLARY,"BURGLARY, UNLAWFUL ENTRY",8446
BURGLARY,"BURGLARY, VEHICLE (ARREST MADE)",2416
BURGLARY,"BURGLARY, VEHICLE, ATT. (ARREST MADE)",161
BURGLARY,"BURGLARY,APT UNDER CONSTRUCTION, ATT. FORCIBLE",23
BURGLARY,"BURGLARY,APT UNDER CONSTRUCTION, FORCIBLE ENTRY",145
BURGLARY,"BURGLARY,APT UNDER CONSTRUCTION, UNLAWFUL ENTRY",208
BURGLARY,"BURGLARY,BLDG. UNDER CONSTRUCTION, ATT. FORCIBLE",55
BURGLARY,"BURGLARY,BLDG. UNDER CONSTRUCTION, FORCIBLE ENTRY",738
BURGLARY,"BURGLARY,BLDG. UNDER CONSTRUCTION, UNLAWFUL ENTRY",847
BURGLARY,"BURGLARY,FLAT UNDER CONSTRUCTION, ATT. FORCIBLE",11
BURGLARY,"BURGLARY,FLAT UNDER CONSTRUCTION, FORCIBLE ENTRY",137
BURGLARY,"BURGLARY,FLAT UNDER CONSTRUCTION, UNLAWFUL ENTRY",141
BURGLARY,"BURGLARY,HOTEL UNDER CONSTRUCTION, ATT. FORCIBLE",1
BURGLARY,"BURGLARY,HOTEL UNDER CONSTRUCTION, FORCIBLE ENTRY",23
BURGLARY,"BURGLARY,HOTEL UNDER CONSTRUCTION, UNLAWFUL ENTRY",45
BURGLARY,"BURGLARY,RESIDENCE UNDER CONSTRT, ATT. FORCIBLE",94
BURGLARY,"BURGLARY,RESIDENCE UNDER CONSTRT, FORCIBLE ENTRY",982
BURGLARY,"BURGLARY,RESIDENCE UNDER CONSTRT, UNLAWFUL ENTRY",702
BURGLARY,"BURGLARY,STORE UNDER CONSTRUCTION, ATT. FORCIBLE",630
BURGLARY,"BURGLARY,STORE UNDER CONSTRUCTION, FORCIBLE ENTRY",4966
BURGLARY,"BURGLARY,STORE UNDER CONSTRUCTION, UNLAWFUL ENTRY",3875
BURGLARY,"BURGLARY,WAREHOUSE UNDER CONSTRT, ATT. FORCIBLE",3
BURGLARY,"BURGLARY,WAREHOUSE UNDER CONSTRT, FORCIBLE ENTRY",25
BURGLARY,"BURGLARY,WAREHOUSE UNDER CONSTRT, UNLAWFUL ENTRY",12
BURGLARY,SAFE BURGLARY,172
BURGLARY,SAFE BURGLARY OF A FLAT,8
BURGLARY,SAFE BURGLARY OF A HOTEL,21
BURGLARY,SAFE BURGLARY OF A RESIDENCE,84
BURGLARY,SAFE BURGLARY OF A RESIDENCE WITH EXPLOSIVES,1
BURGLARY,SAFE BURGLARY OF A STORE,231
BURGLARY,SAFE BURGLARY OF A WAREHOUSE,18
BURGLARY,SAFE BURGLARY OF A WAREHOUSE WITH EXPLOSIVES,3
BURGLARY,SAFE BURGLARY OF AN APARTMENT,18
BURGLARY,SAFE BURGLARY WITH EXPLOSIVES,2
DISORDERLY CONDUCT,COMMITTING PUBLIC NUISANCE,3254
DISORDERLY CONDUCT,"DISTURBANCE OF NON-RELIGIOUS, NON-POLITICAL ASSEMBLY",1
DISORDERLY CONDUCT,DISTURBING RELIGIOUS MEETINGS,11
DISORDERLY CONDUCT,DISTURBING THE PEACE,2169
DISORDERLY CONDUCT,"DISTURBING THE PEACE, COMMOTION",404
DISORDERLY CONDUCT,"DISTURBING THE PEACE, FIGHTING",1170
DISORDERLY CONDUCT,"DISTURBING THE PEACE, SWEARING",374
DISORDERLY CONDUCT,MAINTAINING A PUBLIC NUISANCE,902
DISORDERLY CONDUCT,MAINTAINING A PUBLIC NUISANCE AFTER NOTIFICATION,1755
DRIVING UNDER THE INFLUENCE,DRIVING WHILE UNDER THE INFLUENCE OF ALCOHOL,4837
DRIVING UNDER THE INFLUENCE,"DRIVING WHILE UNDER THE INFLUENCE OF ALCOHOL, W/INJURY",175
DRIVING UNDER THE INFLUENCE,DRIVING WHILE UNDER THE INFLUENCE OF DRUGS,627
DRIVING UNDER THE INFLUENCE,"DRIVING WHILE UNDER THE INFLUENCE OF DRUGS, W/INJURY",33
DRUG/NARCOTIC,"CONTROLLED SUBSTANCE VIOLATION, LOITERING FOR",1089
DRUG/NARCOTIC,"DRUG LAB APPARATUS, POSSESSION",4
DRUG/NARCOTIC,ENCOURAGE MINOR TO USE AMPHETAMINE,1
DRUG/NARCOTIC,ENCOURAGE MINOR TO USE BARBITUATES,9
DRUG/NARCOTIC,ENCOURAGE MINOR TO USE CONTROLLED SUBSTANCE,5
DRUG/NARCOTIC,ENCOURAGE MINOR TO USE HALLUCINOGENIC,1
DRUG/NARCOTIC,ENCOURAGE MINOR TO USE HEROIN,1
DRUG/NARCOTIC,ENCOURAGE MINOR TO USE METH-AMPHETAMINE,1
DRUG/NARCOTIC,ENCOURAGE MINOR TO USE OPIATES,1
DRUG/NARCOTIC,ENCOURAGING MINOR TO USE COCAINE,11
DRUG/NARCOTIC,ENCOURAGING MINOR TO USE MARIJUANA,26
DRUG/NARCOTIC,FAILURE TO REGISTER AS NARCOTICS ADDICT,35
DRUG/NARCOTIC,FORGE OR ALTER PRESCRIPTION,244
DRUG/NARCOTIC,FURNISHING MARIJUANA,168
DRUG/NARCOTIC,"HYPODERMIC NEEDLE OR SYRINGE, POSSESSION",144
DRUG/NARCOTIC,LOITERING WHERE NARCOTICS ARE SOLD/USED,743
DRUG/NARCOTIC,MAINTAINING PREMISE WHERE NARCOTICS ARE SOLD/USED,869
DRUG/NARCOTIC,MONEY OFFENSE RELATED TO NARCOTICS TRAFFICKING,57
DRUG/NARCOTIC,PLANTING/CULTIVATING MARIJUANA,601
DRUG/NARCOTIC,PLANTING/CULTIVATING PEYOTE,1
DRUG/NARCOTIC,POSSESSION OF AMPHETAMINE,305
DRUG/NARCOTIC,POSSESSION OF AMPHETAMINE FOR SALES,571
DRUG/NARCOTIC,POSSESSION OF BARBITUATES,12
DRUG/NARCOTIC,POSSESSION OF BARBITUATES FOR SALES,6
DRUG/NARCOTIC,POSSESSION OF BASE/ROCK COCAINE,14348
DRUG/NARCOTIC,POSSESSION OF BASE/ROCK COCAINE FOR SALE,8024
DRUG/NARCOTIC,POSSESSION OF COCAINE,3207
DRUG/NARCOTIC,POSSESSION OF COCAINE FOR SALES,1480
DRUG/NARCOTIC,POSSESSION OF CONTROLLED SUBSTANCE,4508
DRUG/NARCOTIC,POSSESSION OF CONTROLLED SUBSTANCE FOR SALE,2395
DRUG/NARCOTIC,POSSESSION OF HALLUCINOGENIC,316
DRUG/NARCOTIC,POSSESSION OF HALLUCINOGENIC FOR SALES,284
DRUG/NARCOTIC,POSSESSION OF HEROIN,4556
DRUG/NARCOTIC,POSSESSION OF HEROIN FOR SALES,2358
DRUG/NARCOTIC,POSSESSION OF MARIJUANA,11883
DRUG/NARCOTIC,POSSESSION OF MARIJUANA FOR SALES,5964
DRUG/NARCOTIC,POSSESSION OF METH-AMPHETAMINE,8747
DRUG/NARCOTIC,POSSESSION OF METH-AMPHETAMINE FOR SALE,2996
DRUG/NARCOTIC,POSSESSION OF METHADONE,181
DRUG/NARCOTIC,POSSESSION OF METHADONE FOR SALES,106
DRUG/NARCOTIC,POSSESSION OF NARCOTICS PARAPHERNALIA,22891
DRUG/NARCOTIC,POSSESSION OF OPIATES,326
DRUG/NARCOTIC,POSSESSION OF OPIATES FOR SALES,159
DRUG/NARCOTIC,POSSESSION OF OPIUM,72
DRUG/NARCOTIC,POSSESSION OF OPIUM DERIVATIVE,62
DRUG/NARCOTIC,POSSESSION OF OPIUM DERIVATIVE FOR SALES,20
DRUG/NARCOTIC,POSSESSION OF OPIUM FOR SALES,12
DRUG/NARCOTIC,"PRESCRIPTION, FORGE OR ALTER (4390 B&P)",35
DRUG/NARCOTIC,SALE OF AMPHETAMINE,201
DRUG/NARCOTIC,SALE OF BARBITUATES,4
DRUG/NARCOTIC,SALE OF BASE/ROCK COCAINE,9119
DRUG/NARCOTIC,SALE OF COCAINE,648
DRUG/NARCOTIC,SALE OF CONTROLLED SUBSTANCE,1642
DRUG/NARCOTIC,SALE OF HALLUCINOGENIC,63
DRUG/NARCOTIC,SALE OF HEROIN,1282
DRUG/NARCOTIC,SALE OF MARIJUANA,2992
DRUG/NARCOTIC,SALE OF METH-AMPHETAMINE,390
DRUG/NARCOTIC,SALE OF METHADONE,24
DRUG/NARCOTIC,SALE OF OPIATES,40
DRUG/NARCOTIC,SALE OF OPIUM,3
DRUG/NARCOTIC,SALE OF OPIUM DERIVATIVE,5
DRUG/NARCOTIC,SALES COCAINE BASE/SCHOOLYARD TRAFFICKING ACT VIO,46
DRUG/NARCOTIC,TRANSPORTAION OF CONTROLLED SUBSTANCE,168
DRUG/NARCOTIC,TRANSPORTATION OF AMPHETAMINE,8
DRUG/NARCOTIC,TRANSPORTATION OF COCAINE,567
DRUG/NARCOTIC,TRANSPORTATION OF HALLUCINOGENIC,14
DRUG/NARCOTIC,TRANSPORTATION OF HEROIN,130
DRUG/NARCOTIC,TRANSPORTATION OF MARIJUANA,750
DRUG/NARCOTIC,TRANSPORTATION OF METH-AMPHETAMINE,460
DRUG/NARCOTIC,TRANSPORTATION OF METHADONE,11
DRUG/NARCOTIC,TRANSPORTATION OF OPIATES,19
DRUG/NARCOTIC,TRANSPORTATION OF OPIUM,1
DRUG/NARCOTIC,TRANSPORTATION OF OPIUM DERIVATIVE,1
DRUG/NARCOTIC,UNDER INFLUENCE OF DRUGS IN A PUBLIC PLACE,621
DRUG/NARCOTIC,UNDER THE INFLUENCE OF CONTROLLED SUBSTANCES,437
DRUG/NARCOTIC,VISITING WHERE DRUGS ARE USED OR SMOKED,147
DRUNKENNESS,UNDER INFLUENCE OF ALCOHOL IN A PUBLIC PLACE,9826
EMBEZZLEMENT,EMBEZZLED VEHICLE,418
EMBEZZLEMENT,EMBEZZLEMENT (GENERAL),210
EMBEZZLEMENT,"EMBEZZLEMENT, GRAND THEFT",738
EMBEZZLEMENT,"EMBEZZLEMENT, GRAND THEFT BY BROOKERS/AGENTS",52
EMBEZZLEMENT,"EMBEZZLEMENT, GRAND THEFT BY COLLECTOR",7
EMBEZZLEMENT,"EMBEZZLEMENT, GRAND THEFT BY EMPLOYEE",1094
EMBEZZLEMENT,"EMBEZZLEMENT, GRAND THEFT BY PROPERTY CARRIER",4
EMBEZZLEMENT,"EMBEZZLEMENT, GRAND THEFT LEASED PROPERTY",42
EMBEZZLEMENT,"EMBEZZLEMENT, GRAND THEFT PRIVATE PROPERTY",19
EMBEZZLEMENT,"EMBEZZLEMENT, GRAND THEFT PUBLIC/PRIVATE OFFICIAL",10
EMBEZZLEMENT,"EMBEZZLEMENT, PETTY THEFT",114
EMBEZZLEMENT,"EMBEZZLEMENT, PETTY THEFT BY BROOKERS/AGENTS",5
EMBEZZLEMENT,"EMBEZZLEMENT, PETTY THEFT BY COLLECTOR",1
EMBEZZLEMENT,"EMBEZZLEMENT, PETTY THEFT BY EMPLOYEE",260
EMBEZZLEMENT,"EMBEZZLEMENT, PETTY THEFT OF LEASED PROPERTY",3
EMBEZZLEMENT,"EMBEZZLEMENT, PETTY THEFT PRIVATE PROPERTY",6
EMBEZZLEMENT,"EMBEZZLEMENT, PETTY THEFT PUBLIC/PRIVATE OFFICIAL",5
EXTORTION,ATTEMPTED EXTORTION,344
EXTORTION,EXTORTION,397
FAMILY OFFENSES,ABANDONMENT OF CHILD,206
FAMILY OFFENSES,"CHILDREN, ABANDONMENT & NEGLECT OF (GENERAL)",300
FAMILY OFFENSES,CONCEALMENT/REMOVAL OF CHILD WITHOUT CONSENT,32
FAMILY OFFENSES,DESERTION OF CHILD,270
FAMILY OFFENSES,FAILURE TO PROVIDE FOR CHILD,93
FAMILY OFFENSES,FAILURE TO PROVIDE FOR PARENTS,3
FAMILY OFFENSES,HARASSING CHILD OR WARD BECAUSE OF PERSON'S EMPLOYMENT,1
FAMILY OFFENSES,IMMORAL ACTS OR DRUNK IN PRESENCE OF CHILD,43
FAMILY OFFENSES,MINOR WITHOUT PROPER PARENTAL CARE,235
FORGERY/COUNTERFEITING,"CHECKS OR LEGAL INSTRUMENTS, UTTERING FORGED",801
FORGERY/COUNTERFEITING,"CHECKS, FORGERY (FELONY)",5583
FORGERY/COUNTERFEITING,"CHECKS, FORGERY (MISDEMEANOR)",264
FORGERY/COUNTERFEITING,"CHECKS, MAKE OR PASS FICTITIOUS",3703
FORGERY/COUNTERFEITING,"CHECKS, POSSESSION WITH INTENT TO PASS",877
FORGERY/COUNTERFEITING,"CITIZENSHIP DOCUMENT, USING FALSE",2
FORGERY/COUNTERFEITING,"CITIZENSHIP OR ALIEN REGISTRATION, MAKING FALSE DOCUMENT",6
FORGERY/COUNTERFEITING,"COUNTERFEITING, COINS OR NOTES",2229
FORGERY/COUNTERFEITING,"COUNTERFEITING, PLATES OR DIES",5
FORGERY/COUNTERFEITING,"COUNTERFEITING, POSSESSION COINS OR NOTES",805
FORGERY/COUNTERFEITING,FALSIFICATION OF MEDICAL RECORDS,9
FORGERY/COUNTERFEITING,FALSIFYING JUDICIAL & PUBLIC RECORDS & DOCUMENTS,46
FORGERY/COUNTERFEITING,"FINANCIAL STATEMENTS, FALSE",19
FORGERY/COUNTERFEITING,FORGERY & COUNTERFEITING (GENERAL),503
FORGERY/COUNTERFEITING,"FORGERY, DRIVERS LICENSE OR ID-CARD",3185
FORGERY/COUNTERFEITING,"FORGERY, FALSE ENTRIES IN RECORDS OR RETURNS",1178
FORGERY/COUNTERFEITING,"FORGERY, GOVERNMENT OR CORPORATE SEALS",69
FORGERY/COUNTERFEITING,"FORGERY, NOTES",1751
FORGERY/COUNTERFEITING,"FORGERY, POSSESSION DRIVERS LICENSE OR ID-CARD",145
FORGERY/COUNTERFEITING,"IDENTIFICATION, GOVERNMENT, POSSESS, MAKE OR SELL FALSE",101
FORGERY/COUNTERFEITING,MANUFACTURE OR SALE OF COUNTERFEIT GOODS,75
FORGERY/COUNTERFEITING,"MONEY, CHANGING FACE AMOUNT",1673
FORGERY/COUNTERFEITING,"TELEPHONE OR TELEGRAPH MESSAGE, SENDING FALSE",21
FRAUD,"ACCESS CARD INFORMATION, PUBLICATION OF",19
FRAUD,"ACCESS CARD INFORMATION, THEFT OF",949
FRAUD,"AUDIOVISUAL (VIDEO OR SOUND) RECORDINGS, UNAUTHORIZED",26
FRAUD,"CABLE TV CONNECTION OR DECODING DEVICE, UNAUTHORIZED",6
FRAUD,"CELLULAR OR CORDLESS PHONE COMMUNICATIONS, INTERCEPTING",86
FRAUD,"CREDIT CARD, INCOMPLETE OR COUNTERFEIT",130
FRAUD,"CREDIT CARD, THEFT BY USE OF",22079
FRAUD,"CREDIT CARD, THEFT OF",1004
FRAUD,CRIMES AGAINST REVENUE & PROPERTY OF STATE,7
FRAUD,CRIMES INVOLVING RECEIPTS OR TITLES,1
FRAUD,DEFRAUDING AN INNKEEPER,1608
FRAUD,DEFRAUDING OF VEHICLE REPAIRMAN,26
FRAUD,"EAVESDROPPING DEVICES, SALE OR USE",6
FRAUD,"FALSE CLAIMS, PRESENTING TO GOVERNMENT",113
FRAUD,FALSE ID TO PEACE OFFICER,3674
FRAUD,"FALSE PRETENSES, GRAND THEFT",1592
FRAUD,"FALSE PRETENSES, PETTY THEFT",611
FRAUD,FALSE REPORT OF EMERGENCY,201
FRAUD,FALSE REPORT OF POLICE MISCONDUCT,4
FRAUD,FALSE REPRESENTATION TO SECONDHAND DEALER,1
FRAUD,"FORGERY, CREDIT CARD",1221
FRAUD,FRAUDULENT AUCTION,20
FRAUD,FRAUDULENT CREDIT APPLICATION,2487
FRAUD,FRAUDULENT USE OF AUTOMATED TELLER CARD,3744
FRAUD,IMPERSONATING A POLICE OFFICER,216
FRAUD,IMPERSONATING FIRE DEPARTMENT MEMBER,3
FRAUD,IMPERSONATING PUBLIC UTILITY MEMBER,15
FRAUD,MERCHANDISE TITLE DOCUMENT FRAUD,1
FRAUD,"PRIVACY, INVASION OF  (GENERAL)",49
FRAUD,"PUBLIC UTILITY INFORMATION, FRAUDULENTLY OBTAINING",1
FRAUD,PUTTING SLUGS IN COIN OPERATED MACHINES,11
FRAUD,PUTTING SLUGS IN PARKING METERS,4
FRAUD,PUTTING SLUGS IN TELEPHONE BOX,12
FRAUD,REAL ESTATE FRAUD,42
FRAUD,"SHORT CHANGE, GRAND THEFT",8
FRAUD,"SHORT CHANGE, PETTY THEFT",63
FRAUD,"TELEPHONE OR TELEGRAPH MESSAGES, ALTERING",4
FRAUD,"TRICK AND DEVICE, ATTEMPTED",179
FRAUD,"TRICK AND DEVICE, GRAND THEFT",819
FRAUD,"TRICK AND DEVICE, PETTY THEFT",495
FRAUD,"VETERAN OR EX-SERVICEMAN, FALSE REPRESENTATION AS",1
FRAUD,"WIRETAPS, UNAUTHORIZED",4
GAMBLING,BOOKMAKING,5
GAMBLING,GAMBLING,243
GAMBLING,GAMING & HORSE RACING (GENERAL),3
GAMBLING,POSSESSION OF GAMBLING DEVICES,51
GAMBLING,POSSESSION OF GAMBLING PARAPHERNALIA,46
KIDNAPPING,"ATTEMPTED KIDNAPPING, ADULT VICTIM",134
KIDNAPPING,"ATTEMPTED KIDNAPPING, JUVENILE VICTIM",95
KIDNAPPING,CHILD STEALING,684
KIDNAPPING,FALSE IMPRISONMENT,3026
KIDNAPPING,"KIDNAPPER, POSING AS",4
KIDNAPPING,KIDNAPPING DURING CARJACKING,16
KIDNAPPING,KIDNAPPING DURING ROBBERY,117
KIDNAPPING,"KIDNAPPING, ADULT VICTIM",1041
KIDNAPPING,"KIDNAPPING, JUVENILE VICTIM",229
LARCENY/THEFT,ATTEMPTED AUTO STRIP,137
LARCENY/THEFT,ATTEMPTED GRAND THEFT FROM PERSON,230
LARCENY/THEFT,ATTEMPTED GRAND THEFT PICKPOCKET,82
LARCENY/THEFT,ATTEMPTED GRAND THEFT PURSESNATCH,81
LARCENY/THEFT,ATTEMPTED MOTORCYCLE STRIP,8
LARCENY/THEFT,ATTEMPTED PETTY THEFT OF PROPERTY,375
LARCENY/THEFT,ATTEMPTED SHOPLIFTING,573
LARCENY/THEFT,ATTEMPTED THEFT COIN OPERATED MACHINE,49
LARCENY/THEFT,ATTEMPTED THEFT FROM A BUILDING,519
LARCENY/THEFT,ATTEMPTED THEFT FROM LOCKED VEHICLE,5363
LARCENY/THEFT,ATTEMPTED THEFT FROM UNLOCKED VEHICLE,325
LARCENY/THEFT,ATTEMPTED THEFT OF A BICYCLE,231
LARCENY/THEFT,ATTEMPTED THEFT PHONE BOOTH,3
LARCENY/THEFT,EMBEZZLEMENT FROM DEPENDENT OR ELDER ADULT BY CARETAKER,387
LARCENY/THEFT,GRAND THEFT AUTO STRIP,1384
LARCENY/THEFT,GRAND THEFT BICYCLE,6190
LARCENY/THEFT,GRAND THEFT BY PROSTITUTE,98
LARCENY/THEFT,GRAND THEFT COIN OPERATED MACHINE,86
LARCENY/THEFT,GRAND THEFT FROM A BUILDING,22503
LARCENY/THEFT,GRAND THEFT FROM LOCKED AUTO,178836
LARCENY/THEFT,GRAND THEFT FROM PERSON,18119
LARCENY/THEFT,GRAND THEFT FROM UNLOCKED AUTO,15523
LARCENY/THEFT,GRAND THEFT MOTORCYCLE STRIP,87
LARCENY/THEFT,GRAND THEFT OF PROPERTY,29420
LARCENY/THEFT,GRAND THEFT PHONE BOOTH,15
LARCENY/THEFT,GRAND THEFT PICKPOCKET,13650
LARCENY/THEFT,GRAND THEFT PURSESNATCH,1589
LARCENY/THEFT,GRAND THEFT SHOPLIFTING,5452
LARCENY/THEFT,"LICENSE PLATE OR TAB, THEFT OF",395
LARCENY/THEFT,LOOTING DURING STATE OF EMERGENCY,4
LARCENY/THEFT,"LOST PROPERTY, GRAND THEFT",1536
LARCENY/THEFT,"LOST PROPERTY, PETTY THEFT",3459
LARCENY/THEFT,PETTY THEFT AUTO STRIP,1239
LARCENY/THEFT,PETTY THEFT BICYCLE,4326
LARCENY/THEFT,PETTY THEFT COIN OPERATED MACHINE,175
LARCENY/THEFT,PETTY THEFT FROM A BUILDING,25728
LARCENY/THEFT,PETTY THEFT FROM LOCKED AUTO,51946
LARCENY/THEFT,PETTY THEFT FROM UNLOCKED AUTO,6907
LARCENY/THEFT,PETTY THEFT MOTORCYCLE STRIP,59
LARCENY/THEFT,PETTY THEFT OF PROPERTY,46114
LARCENY/THEFT,PETTY THEFT PHONE BOOTH,43
LARCENY/THEFT,PETTY THEFT SHOPLIFTING,24478
LARCENY/THEFT,PETTY THEFT WITH PRIOR,8207
LARCENY/THEFT,THEFT FROM MERCHANT OR LIBRARY,1047
LARCENY/THEFT,THEFT OF ANIMALS (GENERAL),198
LARCENY/THEFT,THEFT OF CHECKS OR CREDIT CARDS,787
LARCENY/THEFT,THEFT OF COMPUTERS OR CELL PHONES,1795
LARCENY/THEFT,"THEFT OF TELECOMMUNICATION SERVICES, INCL. CLONE PHONE",37
LARCENY/THEFT,THEFT OF UTILITY SERVICES,112
LARCENY/THEFT,THEFT OF WRITTEN INSTRUMENT,20
LARCENY/THEFT,"THEFT, ANIMAL, ATT.",2
LARCENY/THEFT,"THEFT, BICYCLE, <$50, NO SERIAL NUMBER",91
LARCENY/THEFT,"THEFT, BICYCLE, <$50, SERIAL NUMBER KNOWN",61
LARCENY/THEFT,"THEFT, BOAT",23
LARCENY/THEFT,"THEFT, DRUNK ROLL, $200-$400",49
LARCENY/THEFT,"THEFT, DRUNK ROLL, $50-$200",29
LARCENY/THEFT,"THEFT, DRUNK ROLL, <$50",23
LARCENY/THEFT,"THEFT, DRUNK ROLL, >$400",35
LARCENY/THEFT,"THEFT, DRUNK ROLL, ATT.",4
LARCENY/THEFT,"THEFT, GRAND, AGRICULTURAL",4
LARCENY/THEFT,"THEFT, GRAND, BY FIDUCIARY, >$400 IN 12 MONTHS",35
LARCENY/THEFT,"THEFT, GRAND, OF FIREARM",152
LARCENY/THEFT,"TRADE SECRETS, THEFT OR UNAUTHORIZED COPYING",13
LIQUOR LAWS,"ALCOHOLIC BEVERAGE, PROCURING SALE OF",2
LIQUOR LAWS,CONSUMING ALCOHOL IN PUBLIC VIEW,2108
LIQUOR LAWS,FALSE EVIDENCE OF AGE BY MINOR,22
LIQUOR LAWS,LICENSE REQUIRED TO SELL ALCOHOL,63
LIQUOR LAWS,MINOR ON ON-SALE LICENSED PREMISE,37
LIQUOR LAWS,MINOR PURCHASING ALCOHOL,23
LIQUOR LAWS,MISCELLANEOUS LIQOUR LAW VIOLATION,569
LIQUOR LAWS,POSSESSION OF ALCOHOL BY MINOR,698
LIQUOR LAWS,SALE OF ALCOHOL AFTER HOURS,39
LIQUOR LAWS,SALE OF ALCOHOL BY MINOR,13
LIQUOR LAWS,SALE OF ALCOHOL TO MINOR,417
LIQUOR LAWS,SALE OF ALCOHOL TO MINOR IN BAR,10
LIQUOR LAWS,SELL OR FURNISH ALCOHOL TO INTOXICATED PERSON,21
LIQUOR LAWS,UNLAWFUL TRANSPORTATION OF ALCOHOL,61
LOITERING,BEGGING,877
LOITERING,"CASH DISPENSING MACHINES (ATM), LOITERING PROHIBI",66
LOITERING,INCITING TO RIOT,52
LOITERING,LODGING IN PARK,25
LOITERING,LOITERING,779
LOITERING,LOITERING ABOUT SCHOOL/PLAYGROUND,74
LOITERING,LOITERS AROUND PUBLIC TOILET FOR LEWD ACT,40
LOITERING,"OBSTRUCTING HEALTH FACILITY, PLACE OF WORSHIP, OR SCHOOL",4
LOITERING,OBSTRUCTING PUBLIC THOROUGHFARE,332
LOITERING,REFUSING TO DISPERSE UPON LAWFUL COMMAND,43
LOITERING,REMAINING ON CAMPUS WITHOUT CONSENT,44
LOITERING,UNLAWFUL ASSEMBLY,94
MISSING PERSON,FOUND PERSON,24539
MISSING PERSON,MISSING ADULT,20574
MISSING PERSON,MISSING JUVENILE,19848
NON-CRIMINAL,ACCIDENTAL BURNS,9
NON-CRIMINAL,ACCIDENTAL LACERATIONS,1
NON-CRIMINAL,ACCIDENTAL SHOOTING,26
NON-CRIMINAL,AIDED CASE,14250
NON-CRIMINAL,AIDED CASE -PROPERTY FOR DESTRUCTION,2317
NON-CRIMINAL,"AIDED CASE, DOG BITE",3543
NON-CRIMINAL,"AIDED CASE, INJURED PERSON",2688
NON-CRIMINAL,"AIDED CASE, MENTAL DISTURBED",56313
NON-CRIMINAL,"AIDED CASE, SICK PERSON",571
NON-CRIMINAL,AUTO IMPOUNDED,24
NON-CRIMINAL,CASE CLOSURE,6021
NON-CRIMINAL,"CIVIL SIDEWALKS, BOOKING",131
NON-CRIMINAL,"CIVIL SIDEWALKS, CITATION",3040
NON-CRIMINAL,"CIVIL SIDEWALKS, VIOLATION",91
NON-CRIMINAL,"CIVIL SIDEWALKS, WARNING",2317
NON-CRIMINAL,COURTESY REPORT,2466
NON-CRIMINAL,"DEATH REPORT, CAUSE UNKNOWN",10735
NON-CRIMINAL,"DEATH REPORT, IN CUSTODY",14
NON-CRIMINAL,"DEATH REPORT, NATURAL CAUSES",2338
NON-CRIMINAL,"DEATH, ACCIDENTAL",40
NON-CRIMINAL,"DEATH, NON-MANSLAUGHTER AUTO ACCIDENT",31
NON-CRIMINAL,"DEMONSTRATION, VIDEO EVIDENCE, MISC. INVESTIGATION",27
NON-CRIMINAL,FIRE REPORT,2028
NON-CRIMINAL,FOUND PROPERTY,33383
NON-CRIMINAL,IMPOUNDED VEHICLE,792
NON-CRIMINAL,"LICENSE PLATE, FOUND",356
NON-CRIMINAL,"LICENSE PLATE, RECOVERED",945
NON-CRIMINAL,LOCATED PROPERTY,1725
NON-CRIMINAL,LOST PROPERTY,77956
NON-CRIMINAL,MEGAN'S LAW NOTIFICATION,18
NON-CRIMINAL,MISPLACED VEHICLE,132
NON-CRIMINAL,PROPERTY FOR IDENTIFICATION,2777
NON-CRIMINAL,SEARCH WARRANT SERVICE,1933
NON-CRIMINAL,SHELTER,770
NON-CRIMINAL,"STAY AWAY OR COURT ORDER, NON-DV RELATED",4311
NON-CRIMINAL,TARASOFF REPORT,1594
NON-CRIMINAL,TRAFFIC ACCIDENT,1238
NON-CRIMINAL,"TRUANT, HABITUAL",66
NON-CRIMINAL,TURNED IN GUN,1284
NON-CRIMINAL,YOUTH COURT,22
OTHER OFFENSES,ABORTION,16
OTHER OFFENSES,ACTS AGAINST PUBLIC TRANSIT,682
OTHER OFFENSES,ADVERTISING DISTRIBUTORS PERMIT VIOLATION,67
OTHER OFFENSES,AFFIXING ADVERTISMENTS TO POLES,8
OTHER OFFENSES,AGGRESSIVE SOLICITING,339
OTHER OFFENSES,AID OR HARBOR FELON,59
OTHER OFFENSES,"ANIMAL, FIGHTING",14
OTHER OFFENSES,"ANIMAL, WITHOUT PROPER CARE OR ATTENTION",40
OTHER OFFENSES,"BATHROOM HOLE, LOOKING THROUGH",13
OTHER OFFENSES,BEYOND PARENTAL CONTROL,586
OTHER OFFENSES,"CHOP SHOP, OWN OR OPERATE",2
OTHER OFFENSES,"COMPUTER SYSTEM, ACCESSING, COPYING, OR DAMAGING",132
OTHER OFFENSES,CONSPIRACY,7682
OTHER OFFENSES,CONTRIBUTING TO THE DELINQUENCY OF MINOR,544
OTHER OFFENSES,CRUELTY TO ANIMALS,375
OTHER OFFENSES,CURFEW VIOLATION,15
OTHER OFFENSES,DANGER OF LEADING IMMORAL LIFE,1021
OTHER OFFENSES,DEFRAUDING TAXI DRIVER,500
OTHER OFFENSES,DESTITUTE MINOR,6
OTHER OFFENSES,DISCHARGING OFFENSIVE OR INJURIOUS SUBSTANCE IN PUBLIC AREA,15
OTHER OFFENSES,DISPLAY & SALE OF SPRAY PAINT & MARKER PENS,26
OTHER OFFENSES,DISRUPTS SCHOOL ACTIVITIES,464
OTHER OFFENSES,"DOG OR CAT, ABANDONMENT OF",6
OTHER OFFENSES,"DOG, BARKING",46
OTHER OFFENSES,"DOG, FIGHTING;  OWNING, FIGHTING, OR ATTENDING FIGHT",3
OTHER OFFENSES,"DOG, STRAY OR VICIOUS",130
OTHER OFFENSES,"DRIVERS LICENSE, SUSPENDED OR REVOKED",62534
OTHER OFFENSES,DRIVES VEHICLE ALONG TRACK OF RAILROAD,45
OTHER OFFENSES,"DRIVING, DRAG RACING",10
OTHER OFFENSES,"DRIVING, RECKLESS, WITH INJURY",39
OTHER OFFENSES,"DRUG OFFENDER, PRESENCE  NEAR SCHOOL GROUNDS",8
OTHER OFFENSES,DUMPING OF OFFENSIVE MATTER,151
OTHER OFFENSES,ENCOUNTER STUDIO ORDINANCE VIOLATION,2
OTHER OFFENSES,ESCAPE FROM HOSPITAL WITH FORCE,2
OTHER OFFENSES,ESCAPE FROM JAIL,39
OTHER OFFENSES,ESCAPE OF PRISONER WHILE HOSPITALIZED,12
OTHER OFFENSES,ESCAPE OR ASSISTING ESCAPE,23
OTHER OFFENSES,"ESCAPEE, JUVENILE",37
OTHER OFFENSES,ESCAPES,7
OTHER OFFENSES,EVADING A POLICE OFFICER RECKLESSLY,947
OTHER OFFENSES,"EVADING A POLICE OFFICER, INJURY OR DEATH",36
OTHER OFFENSES,EVADING A POLICE VEHICLE OR BICYCLE,197
OTHER OFFENSES,EVADING PAYMENT OF RAILROAD FARE,75
OTHER OFFENSES,FAILURE TO HEED RED LIGHT AND SIREN,170
OTHER OFFENSES,FAILURE TO REGISTER AS SEX OFFENDER,1653
OTHER OFFENSES,FALSE EVIDENCE OF VEHICLE REGISTRATION,2800
OTHER OFFENSES,FALSE FIRE ALARM,207
OTHER OFFENSES,FALSE PERSONATION,4750
OTHER OFFENSES,FALSE PERSONATION AND CHEAT CRIMES (GENERAL),533
OTHER OFFENSES,FALSE PERSONATION TO RECEIVE MONEY OR PROPERTY,8134
OTHER OFFENSES,FALSE REPORT OF BOMB,683
OTHER OFFENSES,FALSE REPORT OF CRIME,267
OTHER OFFENSES,"FIREARMS, SEIZING AT SCENE OF DV",34
OTHER OFFENSES,"FIREWORKS, THROW AT PERSON OR DISCHARGE IN CROWD",17
OTHER OFFENSES,"FOOD STAMPS, MISUSE OF",6
OTHER OFFENSES,"FOOD STAMPS, UNLAWFUL USE BY RETAILER",2
OTHER OFFENSES,FORTUNE TELLING,29
OTHER OFFENSES,"FRAUDULENT GAME OR TRICK, OBTAINING MONEY OR PROPERTY",3269
OTHER OFFENSES,"GUIDE DOG, INTERFERING WITH",7
OTHER OFFENSES,HABITUAL TRUANT,274
OTHER OFFENSES,HARASSING PHONE CALLS,5049
OTHER OFFENSES,"HAZARDOUS MATERIALS,  DUMP ANY SUBSTANCE INTO WATER",4
OTHER OFFENSES,"HAZARDOUS MATERIALS, DUMP OIL INTO SEWERS",5
OTHER OFFENSES,"HAZARDOUS MATERIALS, DUMPING IN UNAUTHORIZED LOCATION",6
OTHER OFFENSES,"HAZARDOUS MATERIALS, DUMPING IN UNAUTHORIZED LOCATN",17
OTHER OFFENSES,"HAZARDOUS MATERIALS, FAILURE TO COMPLY W/REGULATIONS",2
OTHER OFFENSES,"HAZARDOUS MATERIALS, SPILL LOAD",4
OTHER OFFENSES,"HAZARDOUS MATERIALS, SPILL ON ROADWAY",4
OTHER OFFENSES,"HAZARDOUS MATERIALS, STORE WITHOUT PERMIT",1
OTHER OFFENSES,"HAZARDOUS MATERIALS, TRANSPORT WITHOUT PERMIT",1
OTHER OFFENSES,"HAZARDOUS SUBSTANCES, DEPOSITING",21
OTHER OFFENSES,HEATING VIOLATION  APT/HOTEL,15
OTHER OFFENSES,ILLEGAL CHARITABLE SOLICITATIONS,4
OTHER OFFENSES,INCIDENT ON SCHOOL GROUNDS,732
OTHER OFFENSES,INDECENT EXPOSURE,1383
OTHER OFFENSES,INDECENT EXPOSURE (JUVENILE VICTIM),118
OTHER OFFENSES,INDECENT EXPOSURE WITH PRIOR CONVICTION,80
OTHER OFFENSES,INJURY TO RAILROADS/RAILROAD BRIDGES,5
OTHER OFFENSES,INJURY TO TELEGRAPH/TELEPHONE LINES,1092
OTHER OFFENSES,"INSURED PROPERTY, DESTRUCTION TO DEFRAUD INSURER",6
OTHER OFFENSES,INTERFERRING WITH A FIREMAN,16
OTHER OFFENSES,INTERFERRING WITH A POLICE OFFICER,178
OTHER OFFENSES,INTOXICATED JUVENILE,204
OTHER OFFENSES,JUDGE/JUROR ACCEPTING A BRIBE,11
OTHER OFFENSES,JUVENILE PAROLE VIOLATOR,25
OTHER OFFENSES,"LICENSE PLATE, STOLEN",90
OTHER OFFENSES,LOST/STOLEN LICENSE PLATE,16600
OTHER OFFENSES,LOUDSPEAKER OR SOUND TRUCK PERMIT VIOLATION,2
OTHER OFFENSES,LYNCHING BY RIOT,23
OTHER OFFENSES,MASSAGE ESTABLISHMENT PERMIT VIOLATION,119
OTHER OFFENSES,MINOR PURCHASING OR RECEIVING TOBACCO PRODUCT,20
OTHER OFFENSES,MISCELLANEOUS INVESTIGATION,20219
OTHER OFFENSES,MISCELLANEOUS STATE FELONY,595
OTHER OFFENSES,MISCELLANEOUS STATE MISDEMEANOR,3760
OTHER OFFENSES,MONEY LAUNDERING,3
OTHER OFFENSES,"MONEY, PROPERTY OR LABOR, FRAUDULENTLY OBTAINING",233
OTHER OFFENSES,OBSCENE PHONE CALLS(S),5731
OTHER OFFENSES,OBSTRUCTIONS ON STREETS/SIDEWALKS,1684
OTHER OFFENSES,OPEN CONTAINER OF ALCOHOL IN VEHICLE,192
OTHER OFFENSES,OPERATING TAXI WITHOUT A PERMIT,533
OTHER OFFENSES,OPERATING WITHOUT CABARET PERMIT,24
OTHER OFFENSES,OPERATING WITHOUT DANCEHALL PERMIT,20
OTHER OFFENSES,OTHER OFFENSES AGAINST PUBLIC JUSTICE,84
OTHER OFFENSES,OVERCHARGING TAXI FARE,14
OTHER OFFENSES,PAROLE VIOLATION,10560
OTHER OFFENSES,PEDDLING WITHOUT A LICENSE,1374
OTHER OFFENSES,PEEPING TOM,112
OTHER OFFENSES,PERJURY,86
OTHER OFFENSES,"PERMIT VIOLATION, ADVERTISING HANDBILL DISTRIBUTION",1
OTHER OFFENSES,"PERMIT VIOLATION, ENTERTAINMENT",84
OTHER OFFENSES,"PERMIT VIOLATION, POLICE (GENERAL)",1823
OTHER OFFENSES,"PERMIT VIOLATION, SECOND-HAND DEALER",4
OTHER OFFENSES,"PERMIT VIOLATION, SIDEWALK SALES",61
OTHER OFFENSES,"PERMIT VIOLATION, VALET PARKING",3
OTHER OFFENSES,PHONE CALLS IN VIOLATION OF DV COURT ORDER,82
OTHER OFFENSES,"PHONE CALLS, HARASSING, TO 911",35
OTHER OFFENSES,"PHONE CALLS, OBSCENE",158
OTHER OFFENSES,PLACING TRASH ON THE STREET,137
OTHER OFFENSES,POISONING ANIMALS,19
OTHER OFFENSES,"POLICE BROADCAST, INTERCEPTION TO COMMIT CRIME",4
OTHER OFFENSES,POSSESSION OF ARTICLES WITH IDENTIFICATION REMOVE,98
OTHER OFFENSES,POSSESSION OF BURGLARY TOOLS,5892
OTHER OFFENSES,POSSESSION OF BURGLARY TOOLS W/PRIORS,372
OTHER OFFENSES,POSSESSION OF FIRECRACKERS,177
OTHER OFFENSES,PROBATION VIOLATION,18080
OTHER OFFENSES,"PROBATION VIOLATION, DV RELATED",141
OTHER OFFENSES,PUBLIC TRANSIT CRIMES - INFRACTIONS,213
OTHER OFFENSES,PUSH-CART PEDDLER PERMIT VIOLATION,3
OTHER OFFENSES,RECKLESS DRIVING,1096
OTHER OFFENSES,REFUSAL TO IDENTIFY,1
OTHER OFFENSES,RESCUING PRISONER FROM LAWFUL CUSTODY,12
OTHER OFFENSES,RESISTING ARREST,21474
OTHER OFFENSES,RESTRAINING ORDER NOTIFICATION/SERVICE OF RESTRAINING ORDER,1052
OTHER OFFENSES,RIOT,25
OTHER OFFENSES,SALE OF SATELLITE TELEPHONE NUMBER,26
OTHER OFFENSES,SCALPING TICKETS,16
OTHER OFFENSES,"SCHOOL BUS, ENTRY TO COMMIT CRIME OR REFUSAL TO LEAVE",2
OTHER OFFENSES,"SCHOOL GROUNDS, ENTRY BY SEX OFFENDER",2
OTHER OFFENSES,"SCHOOL PROPERTY, DISTURBANCE ON",242
OTHER OFFENSES,SCHOOL STUDENT OR EMPLOYEE ENTERING  CAMPUS AFTER SUSPENSION OR DISMISSAL,5
OTHER OFFENSES,"SCHOOL, PUBLIC, TRESPASS",59
OTHER OFFENSES,SELLING RESTRICTED GLUE TO JUVENILES,5
OTHER OFFENSES,SELLING/DISCHARGING OF FIRECRACKERS,99
OTHER OFFENSES,SOLICITING COMMISSION OF A CRIME,30
OTHER OFFENSES,SOLICITING MINOR TO COMMIT FELONY,4
OTHER OFFENSES,SPEEDING,304
OTHER OFFENSES,SPITTING ON SIDEWALK,66
OTHER OFFENSES,"STAY AWAY ORDER VIOLATION, DV RELATED",1584
OTHER OFFENSES,TAKING CONTRABAND INTO A REFORMATORY,20
OTHER OFFENSES,TAMPERING WITH A VEHICLE,1780
OTHER OFFENSES,TAMPERING WITH MAIL,39
OTHER OFFENSES,THROWING INJURIOUS SUBSTANCE ON HIGHWAY,24
OTHER OFFENSES,"THROWING OBJECT AT COMMON CARRIER, PASSENGER OR FREIGHT",22
OTHER OFFENSES,THROWING SUBSTANCE AT VEHICLE,300
OTHER OFFENSES,"TOBACCO PRODUCTS, SELLING OR FURNISHING TO MINOR",204
OTHER OFFENSES,"TRAFFIC COLLISION, HIT & RUN, INJURY",300
OTHER OFFENSES,"TRAFFIC COLLISION, HIT & RUN, PROPERTY DAMAGE",616
OTHER OFFENSES,TRAFFIC VIOLATION,38105
OTHER OFFENSES,TRAFFIC VIOLATION ARREST,17172
OTHER OFFENSES,UNAUTHORIZED USE OF LOUD SPEAKERS,12
OTHER OFFENSES,UNKNOWN COMPLAINT,469
OTHER OFFENSES,UNSOLICITED FAX ADVERTISING,1
OTHER OFFENSES,"VEHICLE ALARM CODE GRABBING DEVICE, POSSESS OR USE",29
OTHER OFFENSES,"VEHICLE, DISABLED PLACARD VIOLATION",98
OTHER OFFENSES,VIN SWITCH,10
OTHER OFFENSES,"VIN, ALTER OR REMOVE",35
OTHER OFFENSES,VIOLATION OF CALIF UNEMPLOYMENT INSURANCE ACT,1
OTHER OFFENSES,VIOLATION OF CIVIL GANG INJUNCTION,29
OTHER OFFENSES,VIOLATION OF EMERGENCY PROTECTIVE ORDER,238
OTHER OFFENSES,VIOLATION OF FEDERAL STATUTE,114
OTHER OFFENSES,VIOLATION OF FIRE CODE,78
OTHER OFFENSES,VIOLATION OF MUNICIPAL CODE,5489
OTHER OFFENSES,VIOLATION OF MUNICIPAL POLICE CODE,4138
OTHER OFFENSES,VIOLATION OF PARK CODE,1044
OTHER OFFENSES,VIOLATION OF RESTRAINING ORDER,13597
OTHER OFFENSES,VIOLATION OF STATE LABOR CODE,17
OTHER OFFENSES,VIOLATION OF STAY AWAY ORDER,1020
OTHER OFFENSES,WEARING MASK OR DISGUISE FOR UNLAWFUL PURPOSE,13
OTHER OFFENSES,WEARING THE APPAREL OF OPPOSITE SEX TO DECEIVE,2
PORNOGRAPHY/OBSCENE MAT,OBSCENE MOVIES/ACTS,7
PORNOGRAPHY/OBSCENE MAT,OBSCENE OR LEWD PLAYS/PERFORMANCES,9
PORNOGRAPHY/OBSCENE MAT,POSSESSION OF OBSCENE MATTER FOR SALE,43
PROSTITUTION,"DISORDERLY HOUSE, KEEPING",6
PROSTITUTION,ENGAGING IN LEWD CONDUCT - PROSTITUTION RELATED,318
PROSTITUTION,HUMAN TRAFFICKING,344
PROSTITUTION,INDECENT EXPOSURE - PROSTITUTION RELATED,97
PROSTITUTION,INMATE/KEEPER OF HOUSE OF PROSTITUTION,77
PROSTITUTION,LOITERING FOR PURPOSE OF PROSTITUTION,3084
PROSTITUTION,PANDERING,163
PROSTITUTION,PIMPING,219
PROSTITUTION,PLACING WIFE IN HOUSE OF PROSTITUTION,12
PROSTITUTION,"PROCUREMENT, PIMPING, & PANDERING",3
PROSTITUTION,PURCHASE FEMALE FOR THE PURPOSE OF PROSTITUTION,2
PROSTITUTION,SOLICITS FOR ACT OF PROSTITUTION,7176
PROSTITUTION,SOLICITS LEWD ACT,90
PROSTITUTION,SOLICITS TO VISIT HOUSE OF PROSTITUTION,5110
RECOVERED VEHICLE,RECOVERED VEHICLE - STOLEN OUTSIDE SF,8083
RECOVERED VEHICLE,STOLEN AND RECOVERED VEHICLE,11
RECOVERED VEHICLE,"VEHICLE, RECOVERED, AUTO",521
RECOVERED VEHICLE,"VEHICLE, RECOVERED, CAMPER-HOUSE CAR-MOTOR HOME",48
RECOVERED VEHICLE,"VEHICLE, RECOVERED, MOBILE HOME-TRAILER",1
RECOVERED VEHICLE,"VEHICLE, RECOVERED, MOTORCYCLE",44
RECOVERED VEHICLE,"VEHICLE, RECOVERED, OTHER VEHICLE",8
ROBBERY,ASSAULT TO ROB BANK WITH A GUN,1
ROBBERY,ASSAULT TO ROB ON THE STREET W/DEADLY WEAPON,1
ROBBERY,ASSAULT TO ROB WITH BODILY FORCE,1
ROBBERY,ATTEMPTED ROBBERY CHAIN STORE WITH A GUN,52
ROBBERY,ATTEMPTED ROBBERY CHAIN STORE WITH A KNIFE,22
ROBBERY,ATTEMPTED ROBBERY CHAIN STORE WITH BODILY FORCE,161
ROBBERY,ATTEMPTED ROBBERY CHAIN STORE WITH DEADLY WEAPON,37
ROBBERY,ATTEMPTED ROBBERY COMM. ESTAB. WITH BODILY FORCE,174
ROBBERY,ATTEMPTED ROBBERY COMM. ESTAB. WITH DEADLY WEAPON,69
ROBBERY,ATTEMPTED ROBBERY COMM. ESTABLISHMENT W/KNIFE,36
ROBBERY,ATTEMPTED ROBBERY COMM. ESTABLISHMENT WITH A GUN,115
ROBBERY,ATTEMPTED ROBBERY OF A BANK WITH A DEADLY WEAPON,38
ROBBERY,ATTEMPTED ROBBERY OF A BANK WITH A GUN,33
ROBBERY,ATTEMPTED ROBBERY OF A BANK WITH A KNIFE,9
ROBBERY,ATTEMPTED ROBBERY OF A BANK WITH BODILY FORCE,57
ROBBERY,ATTEMPTED ROBBERY ON THE STREET W/DEADLY WEAPON,409
ROBBERY,ATTEMPTED ROBBERY ON THE STREET WITH A GUN,744
ROBBERY,ATTEMPTED ROBBERY ON THE STREET WITH A KNIFE,393
ROBBERY,ATTEMPTED ROBBERY ON THE STREET WITH BODILY FORCE,2561
ROBBERY,ATTEMPTED ROBBERY RESIDENCE WITH A DEADLY WEAPON,21
ROBBERY,ATTEMPTED ROBBERY RESIDENCE WITH A GUN,67
ROBBERY,ATTEMPTED ROBBERY RESIDENCE WITH A KNIFE,20
ROBBERY,ATTEMPTED ROBBERY RESIDENCE WITH BODILY FORCE,75
ROBBERY,ATTEMPTED ROBBERY SERVICE STATION W/BODILY FORCE,12
ROBBERY,ATTEMPTED ROBBERY SERVICE STATION W/DEADLY WEAPON,9
ROBBERY,ATTEMPTED ROBBERY SERVICE STATION WITH A GUN,13
ROBBERY,ATTEMPTED ROBBERY SERVICE STATION WITH A KNIFE,9
ROBBERY,ATTEMPTED ROBBERY WITH A DEADLY WEAPON,263
ROBBERY,ATTEMPTED ROBBERY WITH A GUN,441
ROBBERY,ATTEMPTED ROBBERY WITH A KNIFE,315
ROBBERY,ATTEMPTED ROBBERY WITH BODILY FORCE,1946
ROBBERY,CARJACKING WITH A DANGEROUS WEAPON,61
ROBBERY,CARJACKING WITH A GUN,564
ROBBERY,CARJACKING WITH A KNIFE,66
ROBBERY,CARJACKING WITH BODILY FORCE,403
ROBBERY,ROBBERY OF A BANK WITH A DANGEROUS WEAPON,187
ROBBERY,ROBBERY OF A BANK WITH A GUN,221
ROBBERY,ROBBERY OF A BANK WITH A KNIFE,13
ROBBERY,ROBBERY OF A BANK WITH BODILY FORCE,243
ROBBERY,ROBBERY OF A CHAIN STORE WITH A DANGEROUS WEAPON,266
ROBBERY,ROBBERY OF A CHAIN STORE WITH A GUN,261
ROBBERY,ROBBERY OF A CHAIN STORE WITH A KNIFE,181
ROBBERY,ROBBERY OF A CHAIN STORE WITH BODILY FORCE,1020
ROBBERY,ROBBERY OF A COMMERCIAL ESTABLISHMENT W/ A KNIFE,221
ROBBERY,ROBBERY OF A COMMERCIAL ESTABLISHMENT W/ WEAPON,134
ROBBERY,ROBBERY OF A COMMERCIAL ESTABLISHMENT WITH A GUN,748
ROBBERY,"ROBBERY OF A COMMERCIAL ESTABLISHMENT, STRONGARM",1098
ROBBERY,ROBBERY OF A RESIDENCE WITH A DANGEROUS WEAPON,88
ROBBERY,ROBBERY OF A RESIDENCE WITH A GUN,358
ROBBERY,ROBBERY OF A RESIDENCE WITH A KNIFE,98
ROBBERY,ROBBERY OF A RESIDENCE WITH BODILY FORCE,536
ROBBERY,ROBBERY OF A SERVICE STATION W/DANGEROUS WEAPON,23
ROBBERY,ROBBERY OF A SERVICE STATION WITH A GUN,197
ROBBERY,ROBBERY OF A SERVICE STATION WITH A KNIFE,17
ROBBERY,ROBBERY OF A SERVICE STATION WITH BODILY FORCE,58
ROBBERY,ROBBERY ON THE STREET WITH A DANGEROUS WEAPON,1536
ROBBERY,ROBBERY ON THE STREET WITH A GUN,4651
ROBBERY,ROBBERY ON THE STREET WITH A KNIFE,1688
ROBBERY,"ROBBERY ON THE STREET, STRONGARM",15063
ROBBERY,"ROBBERY,  ATM, FORCE, ATT.",107
ROBBERY,"ROBBERY,  ATM, GUN",29
ROBBERY,"ROBBERY,  ATM, GUN, ATT.",3
ROBBERY,"ROBBERY,  ATM, KNIFE",23
ROBBERY,"ROBBERY,  ATM, KNIFE, ATT.",8
ROBBERY,"ROBBERY,  ATM, OTHER WEAPON",37
ROBBERY,"ROBBERY, ARMED WITH A DANGEROUS WEAPON",1117
ROBBERY,"ROBBERY, ARMED WITH A GUN",2936
ROBBERY,"ROBBERY, ARMED WITH A KNIFE",1427
ROBBERY,"ROBBERY, BODILY FORCE",11681
ROBBERY,"ROBBERY, VEHICLE FOR HIRE, ATT., W/ FORCE",8
ROBBERY,"ROBBERY, VEHICLE FOR HIRE, ATT., W/ GUN",5
ROBBERY,"ROBBERY, VEHICLE FOR HIRE, ATT., W/ KNIFE",1
ROBBERY,"ROBBERY, VEHICLE FOR HIRE, ATT., W/ OTHER WEAPON",4
ROBBERY,"SHOPLIFTING, FORCE AGAINST AGENT",377
RUNAWAY,RUNAWAY,4440
SECONDARY CODES,ASSAULT BY JUVENILE SUSPECT,18
SECONDARY CODES,ATM RELATED CRIME,633
SECONDARY CODES,BATTERY BY JUVENILE SUSPECT,53
SECONDARY CODES,DOMESTIC VIOLENCE,18488
SECONDARY CODES,GANG ACTIVITY,1853
SECONDARY CODES,JUVENILE INVOLVED,3124
SECONDARY CODES,PREJUDICE-BASED INCIDENT,1633
SECONDARY CODES,SHOOTING BY JUVENILE SUSPECT,2
SECONDARY CODES,WEAPONS POSSESSION BY JUVENILE SUSPECT,27
"SEX OFFENSES, FORCIBLE",ANNOY OR MOLEST CHILDREN,371
"SEX OFFENSES, FORCIBLE",ASSAULT TO COMMIT MAYHEM OR SPECIFIC SEX OFFENSES,70
"SEX OFFENSES, FORCIBLE",ASSAULT TO RAPE WITH A DANGEROUS WEAPON,36
"SEX OFFENSES, FORCIBLE",ASSAULT TO RAPE WITH A GUN,14
"SEX OFFENSES, FORCIBLE",ASSAULT TO RAPE WITH A SHARP INSTRUMENT,21
"SEX OFFENSES, FORCIBLE",ASSAULT TO RAPE WITH BODILY FORCE,735
"SEX OFFENSES, FORCIBLE",ATTEMPTED RAPE WITH A GUN,12
"SEX OFFENSES, FORCIBLE","ATTEMPTED RAPE, ARMED WITH A DANGEROUS WEAPON",9
"SEX OFFENSES, FORCIBLE","ATTEMPTED RAPE, ARMED WITH A SHARP INSTRUMENT",18
"SEX OFFENSES, FORCIBLE","ATTEMPTED RAPE, BODILY FORCE",324
"SEX OFFENSES, FORCIBLE","BIGAMY, INCEST, AND THE CRIME AGAINST NATURE (GENERAL)",1
"SEX OFFENSES, FORCIBLE",CHILD ABUSE SEXUAL,1040
"SEX OFFENSES, FORCIBLE","CHILD ABUSE, EXPLOITATION",181
"SEX OFFENSES, FORCIBLE","CHILD ABUSE, PORNOGRAPHY",409
"SEX OFFENSES, FORCIBLE",ENGAGING IN LEWD ACT,161
"SEX OFFENSES, FORCIBLE","FORCIBLE RAPE, ARMED WITH A DANGEROUS WEAPON",85
"SEX OFFENSES, FORCIBLE","FORCIBLE RAPE, ARMED WITH A GUN",44
"SEX OFFENSES, FORCIBLE","FORCIBLE RAPE, ARMED WITH A SHARP INSTRUMENT",131
"SEX OFFENSES, FORCIBLE","FORCIBLE RAPE, BODILY FORCE",2003
"SEX OFFENSES, FORCIBLE",ORAL COPULATION,381
"SEX OFFENSES, FORCIBLE","ORAL COPULATION, UNLAWFUL (ADULT VICTIM)",389
"SEX OFFENSES, FORCIBLE","PENETRATION, FORCED, WITH OBJECT",333
"SEX OFFENSES, FORCIBLE","RAPE, SPOUSAL",33
"SEX OFFENSES, FORCIBLE","SEXUAL ASSAULT, ADMINISTERING DRUG TO COMMIT",182
"SEX OFFENSES, FORCIBLE","SEXUAL ASSAULT, AGGRAVATED, OF CHILD",244
"SEX OFFENSES, FORCIBLE",SEXUAL BATTERY,3894
"SEX OFFENSES, FORCIBLE",SODOMY,226
"SEX OFFENSES, FORCIBLE",SODOMY (ADULT VICTIM),395
"SEX OFFENSES, NON FORCIBLE",INCEST,26
"SEX OFFENSES, NON FORCIBLE","OBSCENE MATTER, DISTRIBUTION TO MINORS",56
"SEX OFFENSES, NON FORCIBLE","SEXUAL CONTACT WITH PATIENT, FORMER PATIENT",19
"SEX OFFENSES, NON FORCIBLE",UNLAWFUL SEXUAL INTERCOURSE,330
STOLEN PROPERTY,RECEIVING STOLEN PROPERTY,4655
STOLEN PROPERTY,"STOLEN ACCESS CARD, POSSESSION",163
STOLEN PROPERTY,"STOLEN CELLULAR PHONE, NON-CLONED, POSSESSION",121
STOLEN PROPERTY,"STOLEN CHECKS, POSSESSION",169
STOLEN PROPERTY,"STOLEN COMPUTER, POSSESSION",97
STOLEN PROPERTY,"STOLEN ELECTRONICS, POSSESSION",106
STOLEN PROPERTY,"STOLEN METALS, RECEIVING",16
STOLEN PROPERTY,"STOLEN PROPERTY, POSSESSION WITH KNOWLEDGE, RECEIVING",6564
SUICIDE,ATTEMPTED SUICIDE,317
SUICIDE,ATTEMPTED SUICIDE BY ASPHYXIATION,28
SUICIDE,ATTEMPTED SUICIDE BY DROWNING,3
SUICIDE,ATTEMPTED SUICIDE BY FIRE,3
SUICIDE,ATTEMPTED SUICIDE BY FIREARMS,19
SUICIDE,ATTEMPTED SUICIDE BY INGESTION,143
SUICIDE,ATTEMPTED SUICIDE BY JUMPING,70
SUICIDE,ATTEMPTED SUICIDE BY LACERATION,113
SUICIDE,ATTEMPTED SUICIDE BY STRANGULATION,50
SUICIDE,SUICIDE,61
SUICIDE,SUICIDE BY ASPHYXIATION,36
SUICIDE,SUICIDE BY DROWNING,5
SUICIDE,SUICIDE BY FIRE,2
SUICIDE,SUICIDE BY FIREARMS,113
SUICIDE,SUICIDE BY INGESTION,12
SUICIDE,SUICIDE BY JUMPING,133
SUICIDE,SUICIDE BY LACERATION,20
SUICIDE,SUICIDE BY STRANGULATION,164
SUSPICIOUS OCC,INVESTIGATIVE DETENTION,19360
SUSPICIOUS OCC,SUSPICIOUS ACT TOWARDS CHILD,673
SUSPICIOUS OCC,SUSPICIOUS ACT TOWARDS FEMALE,2000
SUSPICIOUS OCC,"SUSPICIOUS AUTO, POSSIBLY SEX",418
SUSPICIOUS OCC,SUSPICIOUS OCCURRENCE,52490
SUSPICIOUS OCC,"SUSPICIOUS OCCURRENCE, POSSIBLE SHOTS FIRED",868
SUSPICIOUS OCC,SUSPICIOUS PERSON,4157
SUSPICIOUS OCC,UNUSUAL OCCURENCE,478
TREA,TRESPASSING OR LOITERING NEAR POSTED INDUSTRIAL PROPERTY,14
TRESPASS,"DISASTER AREA, ENTERING OR REMAINING IN",3
TRESPASS,LODGING WITHOUT PERMISSION,2155
TRESPASS,LOITERING WITHOUT LAWFUL BUSINESS WITH OWNER OR OCCUPANT,53
TRESPASS,TRESPASSING,17205
TRESPASS,TRESPASSING ON RAILROAD TRAINS,33
VANDALISM,"AEROSOL CONTAINER; SALE, PURCHASE OR POSSESSION OF",52
VANDALISM,"BALLOONS, ELECTRICALLY CONDUCTIVE",4
VANDALISM,DAMAGE TO FIRE ALARM APPARATUS,87
VANDALISM,DAMAGE TO MAIL BOX,72
VANDALISM,DAMAGE TO PARKING METERS,20
VANDALISM,DAMAGE/DESTRUCTION OF MAIL,35
VANDALISM,DESTROYING JAIL PROPERTY-$200 OR UNDER,8
VANDALISM,DESTROYING JAIL PROPERTY-OVER $200,2
VANDALISM,"ELECTRICAL  OR GAS LINES, INTERFERING WITH",43
VANDALISM,GRAFFITI ON GOVERNMENT VEHICLES OR PUBLIC TRANSPORTATION,147
VANDALISM,MALICIOUS MISCHIEF,968
VANDALISM,"MALICIOUS MISCHIEF, ADULT SUSPECT",715
VANDALISM,"MALICIOUS MISCHIEF, BREAKING WINDOWS",12340
VANDALISM,"MALICIOUS MISCHIEF, BREAKING WINDOWS WITH BB GUN",576
VANDALISM,"MALICIOUS MISCHIEF, BUILDING UNDER CONSTRUCTION",111
VANDALISM,"MALICIOUS MISCHIEF, FICTITIOUS PHONE CALLS",128
VANDALISM,"MALICIOUS MISCHIEF, GRAFFITI",8398
VANDALISM,"MALICIOUS MISCHIEF, JUVENILE SUSPECT",205
VANDALISM,"MALICIOUS MISCHIEF, STREET CARS/BUSES",844
VANDALISM,"MALICIOUS MISCHIEF, TIRE SLASHING",905
VANDALISM,"MALICIOUS MISCHIEF, VANDALISM",45238
VANDALISM,"MALICIOUS MISCHIEF, VANDALISM OF VEHICLES",44290
VANDALISM,VANDALISM OR GRAFFITI ON OR WITHIN 100 FT OF HIGHWAY,168
VANDALISM,"VANDALISM OR GRAFFITI TOOLS, POSSESSION",677
VANDALISM,VANDALISM WITH NOXIOUS CHEMICAL,26
VEHICLE THEFT,ATTEMPTED STOLEN VEHICLE,1176
VEHICLE THEFT,"AUTO, GRAND THEFT OF",176
VEHICLE THEFT,RECOVERED VEHICLE - STOLEN OUTSIDE SF,3243
VEHICLE THEFT,STOLEN AND RECOVERED VEHICLE,5702
VEHICLE THEFT,STOLEN AUTOMOBILE,64763
VEHICLE THEFT,STOLEN BUS,19
VEHICLE THEFT,STOLEN MISCELLANEOUS VEHICLE,483
VEHICLE THEFT,STOLEN MOTORCYCLE,6596
VEHICLE THEFT,STOLEN TRAILER,131
VEHICLE THEFT,STOLEN TRUCK,21492
VEHICLE THEFT,TAMPERING WITH A VEHICLE,484
VEHICLE THEFT,"VEHICLE, RECOVERED, AUTO",16263
VEHICLE THEFT,"VEHICLE, RECOVERED, BUS",3
VEHICLE THEFT,"VEHICLE, RECOVERED, CAMPER-HOUSE CAR-MOTOR HOME",76
VEHICLE THEFT,"VEHICLE, RECOVERED, MOBILE HOME-TRAILER",25
VEHICLE THEFT,"VEHICLE, RECOVERED, MOTORCYCLE",850
VEHICLE THEFT,"VEHICLE, RECOVERED, OTHER VEHICLE",5091
VEHICLE THEFT,"VEHICLE, RENTAL, FAILURE TO RETURN",29
WARRANTS,ENROUTE TO ADULT AUTHORITY,2179
WARRANTS,ENROUTE TO DEPARTMENT OF CORRECTIONS,6810
WARRANTS,ENROUTE TO OUTSIDE JURISDICTION,29104
WARRANTS,ENROUTE TO PAROLE OFFICER,4629
WARRANTS,ENROUTE TO PROBATION OFFICER,641
WARRANTS,ENROUTE TO U.S. MARSHALL,505
WARRANTS,PAROLE SEARCH,142
WARRANTS,POST RELEASE COMMUNITY SUPERVISION,244
WARRANTS,PROBATION SEARCH,895
WARRANTS,WARRANT ARREST,56230
WEAPON LAWS,"AMMUNITION, POSS. BY PROHIBITED PERSON",488
WEAPON LAWS,"ARMOR PENETRATING AMMUNITION, POSSESSION",4
WEAPON LAWS,BOMBING OF POLICE BUILDING,1
WEAPON LAWS,CARRYING A CONCEALED WEAPON,2339
WEAPON LAWS,CARRYING OF CONCEALED WEAPON BY CONVICTED FELON,401
WEAPON LAWS,COMMISSION OF FELONY WHILE ARMED,28
WEAPON LAWS,DESTRUCTION OF PROPERTY WITH EXPLOSIVES,47
WEAPON LAWS,"DESTRUCTIVE DEVICE, POSSESSION OF MATERIALS",9
WEAPON LAWS,DISCHARGE FIREARM AT AN INHABITED DWELLING,1220
WEAPON LAWS,DISCHARGE FIREARM WITHIN CITY LIMITS,868
WEAPON LAWS,EXHIBITING DEADLY WEAPON IN A THREATING MANNER,2927
WEAPON LAWS,FIREARM POSSESSION IN SCHOOL ZONE,48
WEAPON LAWS,FIREARM WITH ALTERED IDENTIFICATION,166
WEAPON LAWS,"FIREARM, ARMED WHILE POSSESSING CONTROLLED SUBSTANCE",265
WEAPON LAWS,"FIREARM, CARRYING LOADED WITH INTENT TO COMMIT FELONY",128
WEAPON LAWS,"FIREARM, LOADED, IN VEHICLE, POSSESSION OR USE",763
WEAPON LAWS,"FIREARM, NEGLIGENT DISCHARGE",59
WEAPON LAWS,"FIREARM, POSSESSION OF WHILE WEARING MASK",16
WEAPON LAWS,"FLAMMABLE OR EXPLOSIVE DEVICE, POSSESSION",96
WEAPON LAWS,ILLEGAL TRANSPORTAION OF EXPLOSIVES,6
WEAPON LAWS,LOCATED EXPLOSIVE DEVICE,175
WEAPON LAWS,LOITERING WHILE CARRYING CONCEALED WEAPON,763
WEAPON LAWS,POSS OF DEADLY WEAPON WITH INTENT TO ASSAULT,581
WEAPON LAWS,POSS OF FIRE BOMB,40
WEAPON LAWS,POSS OF FIREARM BY CONVICTED FELON/ADDICT/ALIEN,2063
WEAPON LAWS,POSS OF FIREARM SILENCER,8
WEAPON LAWS,POSS OF LOADED FIREARM,4457
WEAPON LAWS,POSS OF PROHIBITED WEAPON,1648
WEAPON LAWS,POSS OF TEAR GAS WEAPON,182
WEAPON LAWS,POSSESSION OF AIR GUN,950
WEAPON LAWS,POSSESSION OF CAUSTIC CHEMICAL,69
WEAPON LAWS,POSSESSION OF EXPLOSIVE DEVICE,74
WEAPON LAWS,POSSESSION OF MACHINE GUN,34
WEAPON LAWS,"SNIPER SCOPE, POSSESSION OF",1
WEAPON LAWS,SUSPICIOUS PACKAGE,156
WEAPON LAWS,"SWITCHBLADE KNIFE, POSSESSION",229
WEAPON LAWS,TAMPERING WITH MARKS ON FIREARM,88
WEAPON LAWS,VIOLATION OF RESTRICTIONS ON A FIREARM TRANSFER,37
WEAPON LAWS,"WEAPON, ASSAULT, POSSESSION, MANUFACTURE, OR SALE",179
WEAPON LAWS,"WEAPON, ASSAULT, REGISTRATION OR TRANSFER VIOLATION",12
WEAPON LAWS,"WEAPON, DEADLY, CARRYING WITH INTENT TO COMMIT ASSAULT",186
WEAPON LAWS,"WEAPON, DEADLY, EXHIBITING TO RESIST ARREST",79
WEAPON LAWS,"WEAPON, DEADLY, POSSESSION OF TO VIOLATE 136.1 PC",4
WEAPON LAWS,"WEAPON, POSSESS OR BRING OTHER ON SCHOOL GROUNDS",280
WEAPON LAWS,"WEAPON, POSSESSING IN PUBLIC BUILDING OR OPEN MEETING",37
WEAPON LAWS,"WEAPON, TAKING OR ATTEMPTING TO TAKE FROM PEACE OFFICER",23
